{
  "status": 0,
  "result": [
    {
      "createdById": "0057Q000003RdyqQAC",
      "createdByName": "Diana Lopes",
      "createdDate": "2022-05-22T20:44:51.000Z",
      "fileName": "tabs/DL_Company__c.tab",
      "fullName": "DL_Company__c",
      "id": "01r7Q000000U5lEQAS",
      "lastModifiedById": "0057Q000003RdyqQAC",
      "lastModifiedByName": "Diana Lopes",
      "lastModifiedDate": "2022-05-22T20:44:51.000Z",
      "manageableState": "unmanaged",
      "type": "CustomTab"
    },
    {
      "createdById": "0057Q000003RdyqQAC",
      "createdByName": "Diana Lopes",
      "createdDate": "2022-05-22T20:45:33.000Z",
      "fileName": "tabs/DL_Warranty__c.tab",
      "fullName": "DL_Warranty__c",
      "id": "01r7Q000000U5lOQAS",
      "lastModifiedById": "0057Q000003RdyqQAC",
      "lastModifiedByName": "Diana Lopes",
      "lastModifiedDate": "2022-05-22T20:45:33.000Z",
      "manageableState": "unmanaged",
      "type": "CustomTab"
    },
    {
      "createdById": "0057Q000003RdyqQAC",
      "createdByName": "Diana Lopes",
      "createdDate": "2022-05-22T20:45:14.000Z",
      "fileName": "tabs/DL_Material__c.tab",
      "fullName": "DL_Material__c",
      "id": "01r7Q000000U5lJQAS",
      "lastModifiedById": "0057Q000003RdyqQAC",
      "lastModifiedByName": "Diana Lopes",
      "lastModifiedDate": "2022-05-22T20:45:14.000Z",
      "manageableState": "unmanaged",
      "type": "CustomTab"
    }
  ]
}