{
  "status": 0,
  "result": [
    {
      "createdById": "0057Q000004M3r1QAC",
      "createdByName": "salesforce.com",
      "createdDate": "2022-04-14T23:23:51.000Z",
      "fileName": "layouts/DigitalWallet-Digital Wallet Layout.layout",
      "fullName": "DigitalWallet-Digital Wallet Layout",
      "id": "00h7Q000009CunQQAS",
      "lastModifiedById": "0057Q000004M3r1QAC",
      "lastModifiedByName": "salesforce.com",
      "lastModifiedDate": "2022-04-14T23:23:51.000Z",
      "manageableState": "unmanaged",
      "type": "Layout"
    },
    {
      "createdById": "0057Q000003RdyqQAC",
      "createdByName": "Diana Lopes",
      "createdDate": "2022-04-14T23:23:51.000Z",
      "fileName": "layouts/Lead-Lead Layout.layout",
      "fullName": "Lead-Lead Layout",
      "id": "00h7Q000009Cun6QAC",
      "lastModifiedById": "0057Q000003RdyqQAC",
      "lastModifiedByName": "Diana Lopes",
      "lastModifiedDate": "2022-04-14T23:23:51.000Z",
      "manageableState": "unmanaged",
      "type": "Layout"
    },
    {
      "createdById": "0057Q000003RdyqQAC",
      "createdByName": "Diana Lopes",
      "createdDate": "2022-04-14T23:23:51.000Z",
      "fileName": "layouts/Contact-Contact Layout.layout",
      "fullName": "Contact-Contact Layout",
      "id": "00h7Q000009CumyQAC",
      "lastModifiedById": "0057Q000003RdyqQAC",
      "lastModifiedByName": "Diana Lopes",
      "lastModifiedDate": "2022-04-14T23:23:51.000Z",
      "manageableState": "unmanaged",
      "type": "Layout"
    },
    {
      "createdById": "0057Q000004M3r1QAC",
      "createdByName": "salesforce.com",
      "createdDate": "2022-04-14T23:23:51.000Z",
      "fileName": "layouts/ReturnOrder-Return Order Layout.layout",
      "fullName": "ReturnOrder-Return Order Layout",
      "id": "00h7Q000009CuoHQAS",
      "lastModifiedById": "0057Q000004M3r1QAC",
      "lastModifiedByName": "salesforce.com",
      "lastModifiedDate": "2022-04-14T23:23:51.000Z",
      "manageableState": "unmanaged",
      "type": "Layout"
    },
    {
      "createdById": "0057Q000004M3r1QAC",
      "createdByName": "salesforce.com",
      "createdDate": "2022-04-14T23:25:51.000Z",
      "fileName": "layouts/ReportAnomalyEventStore-Report Anomaly Event Store Layout.layout",
      "fullName": "ReportAnomalyEventStore-Report Anomaly Event Store Layout",
      "id": "00h7Q0000061DlEQAU",
      "lastModifiedById": "0057Q000004M3r1QAC",
      "lastModifiedByName": "salesforce.com",
      "lastModifiedDate": "2022-04-14T23:25:51.000Z",
      "manageableState": "unmanaged",
      "type": "Layout"
    },
    {
      "createdById": "0057Q000003RdyqQAC",
      "createdByName": "Diana Lopes",
      "createdDate": "2022-04-14T23:23:51.000Z",
      "fileName": "layouts/Account-Account %28Marketing%29 Layout.layout",
      "fullName": "Account-Account %28Marketing%29 Layout",
      "id": "00h7Q000009CumzQAC",
      "lastModifiedById": "0057Q000003RdyqQAC",
      "lastModifiedByName": "Diana Lopes",
      "lastModifiedDate": "2022-04-14T23:23:51.000Z",
      "manageableState": "unmanaged",
      "type": "Layout"
    },
    {
      "createdById": "0057Q000003RdyqQAC",
      "createdByName": "Diana Lopes",
      "createdDate": "2022-04-14T23:26:41.000Z",
      "fileName": "layouts/CaseMilestone-Case Milestone Layout.layout",
      "fullName": "CaseMilestone-Case Milestone Layout",
      "id": "00h7Q0000061DlmQAE",
      "lastModifiedById": "0057Q000003RdyqQAC",
      "lastModifiedByName": "Diana Lopes",
      "lastModifiedDate": "2022-04-14T23:26:41.000Z",
      "manageableState": "unmanaged",
      "type": "Layout"
    },
    {
      "createdById": "0057Q000004M3r1QAC",
      "createdByName": "salesforce.com",
      "createdDate": "2022-04-14T23:25:43.000Z",
      "fileName": "layouts/AuthorizationFormConsent-Authorization Form Consent Layout.layout",
      "fullName": "AuthorizationFormConsent-Authorization Form Consent Layout",
      "id": "00h7Q0000061Dl7QAE",
      "lastModifiedById": "0057Q000003RdyqQAC",
      "lastModifiedByName": "Diana Lopes",
      "lastModifiedDate": "2022-04-14T23:25:44.000Z",
      "manageableState": "unmanaged",
      "type": "Layout"
    },
    {
      "createdById": "0057Q000004M3r0QAC",
      "createdByName": "Automated Process",
      "createdDate": "2022-04-14T23:23:51.000Z",
      "fileName": "layouts/ResourceAbsence-Resource Absence Layout.layout",
      "fullName": "ResourceAbsence-Resource Absence Layout",
      "id": "00h7Q000009CunoQAC",
      "lastModifiedById": "0057Q000004M3r0QAC",
      "lastModifiedByName": "Automated Process",
      "lastModifiedDate": "2022-04-14T23:23:51.000Z",
      "manageableState": "unmanaged",
      "type": "Layout"
    },
    {
      "createdById": "0057Q000004M3r1QAC",
      "createdByName": "salesforce.com",
      "createdDate": "2022-04-14T23:23:51.000Z",
      "fileName": "layouts/PaymentAuthorization-Payment Authorization Layout.layout",
      "fullName": "PaymentAuthorization-Payment Authorization Layout",
      "id": "00h7Q000009CunTQAS",
      "lastModifiedById": "0057Q000004M3r1QAC",
      "lastModifiedByName": "salesforce.com",
      "lastModifiedDate": "2022-04-14T23:23:51.000Z",
      "manageableState": "unmanaged",
      "type": "Layout"
    },
    {
      "createdById": "0057Q000003RdyqQAC",
      "createdByName": "Diana Lopes",
      "createdDate": "2022-04-14T23:23:51.000Z",
      "fileName": "layouts/Account-Account Layout.layout",
      "fullName": "Account-Account Layout",
      "id": "00h7Q000009Cun2QAC",
      "lastModifiedById": "0057Q000003RdyqQAC",
      "lastModifiedByName": "Diana Lopes",
      "lastModifiedDate": "2022-04-14T23:23:51.000Z",
      "manageableState": "unmanaged",
      "type": "Layout"
    },
    {
      "createdById": "0057Q000004M3r1QAC",
      "createdByName": "salesforce.com",
      "createdDate": "2022-04-14T23:23:51.000Z",
      "fileName": "layouts/Refund-Refund Layout.layout",
      "fullName": "Refund-Refund Layout",
      "id": "00h7Q000009CunMQAS",
      "lastModifiedById": "0057Q000004M3r1QAC",
      "lastModifiedByName": "salesforce.com",
      "lastModifiedDate": "2022-04-14T23:23:51.000Z",
      "manageableState": "unmanaged",
      "type": "Layout"
    },
    {
      "createdById": "0057Q000004M3r1QAC",
      "createdByName": "salesforce.com",
      "createdDate": "2022-04-14T23:23:51.000Z",
      "fileName": "layouts/Seller-Seller Layout.layout",
      "fullName": "Seller-Seller Layout",
      "id": "00h7Q000009CunzQAC",
      "lastModifiedById": "0057Q000004M3r1QAC",
      "lastModifiedByName": "salesforce.com",
      "lastModifiedDate": "2022-04-14T23:23:51.000Z",
      "manageableState": "unmanaged",
      "type": "Layout"
    },
    {
      "createdById": "0057Q000003RdyqQAC",
      "createdByName": "Diana Lopes",
      "createdDate": "2022-04-14T23:23:51.000Z",
      "fileName": "layouts/Individual-Individual Layout.layout",
      "fullName": "Individual-Individual Layout",
      "id": "00h7Q000009CuoRQAS",
      "lastModifiedById": "0057Q000003RdyqQAC",
      "lastModifiedByName": "Diana Lopes",
      "lastModifiedDate": "2022-04-14T23:23:51.000Z",
      "manageableState": "unmanaged",
      "type": "Layout"
    },
    {
      "createdById": "0057Q000004M3r1QAC",
      "createdByName": "salesforce.com",
      "createdDate": "2022-04-14T23:23:51.000Z",
      "fileName": "layouts/PaymentGroup-Payment Group Layout.layout",
      "fullName": "PaymentGroup-Payment Group Layout",
      "id": "00h7Q000009CunPQAS",
      "lastModifiedById": "0057Q000004M3r1QAC",
      "lastModifiedByName": "salesforce.com",
      "lastModifiedDate": "2022-04-14T23:23:51.000Z",
      "manageableState": "unmanaged",
      "type": "Layout"
    },
    {
      "createdById": "0057Q000004M3r1QAC",
      "createdByName": "salesforce.com",
      "createdDate": "2022-04-14T23:23:51.000Z",
      "fileName": "layouts/ReturnOrderItemAdjustment-Return Order Item Adjustment Layout.layout",
      "fullName": "ReturnOrderItemAdjustment-Return Order Item Adjustment Layout",
      "id": "00h7Q000009CuoJQAS",
      "lastModifiedById": "0057Q000004M3r1QAC",
      "lastModifiedByName": "salesforce.com",
      "lastModifiedDate": "2022-04-14T23:23:51.000Z",
      "manageableState": "unmanaged",
      "type": "Layout"
    },
    {
      "createdById": "0057Q000004M3r1QAC",
      "createdByName": "salesforce.com",
      "createdDate": "2022-04-14T23:23:51.000Z",
      "fileName": "layouts/Customer-Customer Layout.layout",
      "fullName": "Customer-Customer Layout",
      "id": "00h7Q000009CunyQAC",
      "lastModifiedById": "0057Q000004M3r1QAC",
      "lastModifiedByName": "salesforce.com",
      "lastModifiedDate": "2022-04-14T23:23:51.000Z",
      "manageableState": "unmanaged",
      "type": "Layout"
    },
    {
      "createdById": "0057Q000004M3r1QAC",
      "createdByName": "salesforce.com",
      "createdDate": "2022-04-14T23:23:51.000Z",
      "fileName": "layouts/InvoiceLine-Invoice Line Layout.layout",
      "fullName": "InvoiceLine-Invoice Line Layout",
      "id": "00h7Q000009CuneQAC",
      "lastModifiedById": "0057Q000004M3r1QAC",
      "lastModifiedByName": "salesforce.com",
      "lastModifiedDate": "2022-04-14T23:23:51.000Z",
      "manageableState": "unmanaged",
      "type": "Layout"
    },
    {
      "createdById": "0057Q000004M3r1QAC",
      "createdByName": "salesforce.com",
      "createdDate": "2022-04-14T23:23:51.000Z",
      "fileName": "layouts/PaymentLineInvoice-Payment Line Invoice Layout.layout",
      "fullName": "PaymentLineInvoice-Payment Line Invoice Layout",
      "id": "00h7Q000009CunUQAS",
      "lastModifiedById": "0057Q000004M3r1QAC",
      "lastModifiedByName": "salesforce.com",
      "lastModifiedDate": "2022-04-14T23:23:51.000Z",
      "manageableState": "unmanaged",
      "type": "Layout"
    },
    {
      "createdById": "0057Q000004M3r1QAC",
      "createdByName": "salesforce.com",
      "createdDate": "2022-04-14T23:25:51.000Z",
      "fileName": "layouts/CredentialStuffingEventStore-Credential Stuffing Event Store Layout.layout",
      "fullName": "CredentialStuffingEventStore-Credential Stuffing Event Store Layout",
      "id": "00h7Q0000061DlDQAU",
      "lastModifiedById": "0057Q000004M3r1QAC",
      "lastModifiedByName": "salesforce.com",
      "lastModifiedDate": "2022-04-14T23:25:51.000Z",
      "manageableState": "unmanaged",
      "type": "Layout"
    },
    {
      "createdById": "0057Q000004M3r0QAC",
      "createdByName": "Automated Process",
      "createdDate": "2022-04-14T23:23:51.000Z",
      "fileName": "layouts/ServiceResource-Service Resource Layout.layout",
      "fullName": "ServiceResource-Service Resource Layout",
      "id": "00h7Q000009CuniQAC",
      "lastModifiedById": "0057Q000004M3r0QAC",
      "lastModifiedByName": "Automated Process",
      "lastModifiedDate": "2022-04-14T23:23:51.000Z",
      "manageableState": "unmanaged",
      "type": "Layout"
    },
    {
      "createdById": "0057Q000004M3r1QAC",
      "createdByName": "salesforce.com",
      "createdDate": "2022-04-14T23:23:51.000Z",
      "fileName": "layouts/PaymentGateway-Payment Gateway Layout.layout",
      "fullName": "PaymentGateway-Payment Gateway Layout",
      "id": "00h7Q000009CunOQAS",
      "lastModifiedById": "0057Q000004M3r1QAC",
      "lastModifiedByName": "salesforce.com",
      "lastModifiedDate": "2022-04-14T23:23:51.000Z",
      "manageableState": "unmanaged",
      "type": "Layout"
    },
    {
      "createdById": "0057Q000004M3r1QAC",
      "createdByName": "salesforce.com",
      "createdDate": "2022-04-14T23:25:59.000Z",
      "fileName": "layouts/UserProvisioningRequest-User Provisioning Request Layout.layout",
      "fullName": "UserProvisioningRequest-User Provisioning Request Layout",
      "id": "00h7Q0000061DlOQAU",
      "lastModifiedById": "0057Q000004M3r1QAC",
      "lastModifiedByName": "salesforce.com",
      "lastModifiedDate": "2022-04-14T23:25:59.000Z",
      "manageableState": "unmanaged",
      "type": "Layout"
    },
    {
      "createdById": "0057Q000004M3r0QAC",
      "createdByName": "Automated Process",
      "createdDate": "2022-04-14T23:23:51.000Z",
      "fileName": "layouts/ResourcePreference-Resource Preference Layout.layout",
      "fullName": "ResourcePreference-Resource Preference Layout",
      "id": "00h7Q000009CunpQAC",
      "lastModifiedById": "0057Q000004M3r0QAC",
      "lastModifiedByName": "Automated Process",
      "lastModifiedDate": "2022-04-14T23:23:51.000Z",
      "manageableState": "unmanaged",
      "type": "Layout"
    },
    {
      "createdById": "0057Q000003RdyqQAC",
      "createdByName": "Diana Lopes",
      "createdDate": "2022-04-14T23:23:51.000Z",
      "fileName": "layouts/Pricebook2-Price Book Layout.layout",
      "fullName": "Pricebook2-Price Book Layout",
      "id": "00h7Q000009CuoXQAS",
      "lastModifiedById": "0057Q000003RdyqQAC",
      "lastModifiedByName": "Diana Lopes",
      "lastModifiedDate": "2022-04-14T23:23:51.000Z",
      "manageableState": "unmanaged",
      "type": "Layout"
    },
    {
      "createdById": "0057Q000004M3r1QAC",
      "createdByName": "salesforce.com",
      "createdDate": "2022-04-14T23:26:03.000Z",
      "fileName": "layouts/AssetRelationship-Asset Relationship Layout.layout",
      "fullName": "AssetRelationship-Asset Relationship Layout",
      "id": "00h7Q0000061DlRQAU",
      "lastModifiedById": "0057Q000004M3r1QAC",
      "lastModifiedByName": "salesforce.com",
      "lastModifiedDate": "2022-04-14T23:26:03.000Z",
      "manageableState": "unmanaged",
      "type": "Layout"
    },
    {
      "createdById": "0057Q000004M3r1QAC",
      "createdByName": "salesforce.com",
      "createdDate": "2022-04-14T23:23:51.000Z",
      "fileName": "layouts/CreditMemoLine-Credit Memo Line Layout.layout",
      "fullName": "CreditMemoLine-Credit Memo Line Layout",
      "id": "00h7Q000009CungQAC",
      "lastModifiedById": "0057Q000004M3r1QAC",
      "lastModifiedByName": "salesforce.com",
      "lastModifiedDate": "2022-04-14T23:23:51.000Z",
      "manageableState": "unmanaged",
      "type": "Layout"
    },
    {
      "createdById": "0057Q000004M3r1QAC",
      "createdByName": "salesforce.com",
      "createdDate": "2022-04-14T23:23:51.000Z",
      "fileName": "layouts/Macro-Macro Layout.layout",
      "fullName": "Macro-Macro Layout",
      "id": "00h7Q000009CuoVQAS",
      "lastModifiedById": "0057Q000004M3r1QAC",
      "lastModifiedByName": "salesforce.com",
      "lastModifiedDate": "2022-04-14T23:23:51.000Z",
      "manageableState": "unmanaged",
      "type": "Layout"
    },
    {
      "createdById": "0057Q000003RdyqQAC",
      "createdByName": "Diana Lopes",
      "createdDate": "2022-04-14T23:23:51.000Z",
      "fileName": "layouts/Scorecard-Scorecard Layout.layout",
      "fullName": "Scorecard-Scorecard Layout",
      "id": "00h7Q000009CupSQAS",
      "lastModifiedById": "0057Q000003RdyqQAC",
      "lastModifiedByName": "Diana Lopes",
      "lastModifiedDate": "2022-04-14T23:23:51.000Z",
      "manageableState": "unmanaged",
      "type": "Layout"
    },
    {
      "createdById": "0057Q000004M3r0QAC",
      "createdByName": "Automated Process",
      "createdDate": "2022-04-14T23:23:51.000Z",
      "fileName": "layouts/ContactPointAddress-Contact Point Address Layout.layout",
      "fullName": "ContactPointAddress-Contact Point Address Layout",
      "id": "00h7Q000009CunwQAC",
      "lastModifiedById": "0057Q000004M3r0QAC",
      "lastModifiedByName": "Automated Process",
      "lastModifiedDate": "2022-04-14T23:23:51.000Z",
      "manageableState": "unmanaged",
      "type": "Layout"
    },
    {
      "createdById": "0057Q000003RdyqQAC",
      "createdByName": "Diana Lopes",
      "createdDate": "2022-04-14T23:23:51.000Z",
      "fileName": "layouts/Task-Task Layout.layout",
      "fullName": "Task-Task Layout",
      "id": "00h7Q000009Cun8QAC",
      "lastModifiedById": "0057Q000003RdyqQAC",
      "lastModifiedByName": "Diana Lopes",
      "lastModifiedDate": "2022-04-14T23:26:04.000Z",
      "manageableState": "unmanaged",
      "type": "Layout"
    },
    {
      "createdById": "0057Q000003RdyqQAC",
      "createdByName": "Diana Lopes",
      "createdDate": "2022-04-14T23:23:51.000Z",
      "fileName": "layouts/Contact-Contact %28Sales%29 Layout.layout",
      "fullName": "Contact-Contact %28Sales%29 Layout",
      "id": "00h7Q000009CumwQAC",
      "lastModifiedById": "0057Q000003RdyqQAC",
      "lastModifiedByName": "Diana Lopes",
      "lastModifiedDate": "2022-04-14T23:23:51.000Z",
      "manageableState": "unmanaged",
      "type": "Layout"
    },
    {
      "createdById": "0057Q000003RdyqQAC",
      "createdByName": "Diana Lopes",
      "createdDate": "2022-04-14T23:23:51.000Z",
      "fileName": "layouts/Idea-Idea Layout.layout",
      "fullName": "Idea-Idea Layout",
      "id": "00h7Q000009Cup7QAC",
      "lastModifiedById": "0057Q000003RdyqQAC",
      "lastModifiedByName": "Diana Lopes",
      "lastModifiedDate": "2022-04-14T23:23:51.000Z",
      "manageableState": "unmanaged",
      "type": "Layout"
    },
    {
      "createdById": "0057Q000004M3r0QAC",
      "createdByName": "Automated Process",
      "createdDate": "2022-04-14T23:23:51.000Z",
      "fileName": "layouts/CommunityMemberLayout-Community Member Layout.layout",
      "fullName": "CommunityMemberLayout-Community Member Layout",
      "id": "00h7Q000009CupRQAS",
      "lastModifiedById": "0057Q000004M3r0QAC",
      "lastModifiedByName": "Automated Process",
      "lastModifiedDate": "2022-04-14T23:23:51.000Z",
      "manageableState": "unmanaged",
      "type": "Layout"
    },
    {
      "createdById": "0057Q000003RdyqQAC",
      "createdByName": "Diana Lopes",
      "createdDate": "2022-04-14T23:23:51.000Z",
      "fileName": "layouts/Account-Account %28Support%29 Layout.layout",
      "fullName": "Account-Account %28Support%29 Layout",
      "id": "00h7Q000009Cun1QAC",
      "lastModifiedById": "0057Q000003RdyqQAC",
      "lastModifiedByName": "Diana Lopes",
      "lastModifiedDate": "2022-04-14T23:23:51.000Z",
      "manageableState": "unmanaged",
      "type": "Layout"
    },
    {
      "createdById": "0057Q000004M3r0QAC",
      "createdByName": "Automated Process",
      "createdDate": "2022-04-14T23:23:51.000Z",
      "fileName": "layouts/WorkTypeGroupMember-Work Type Group Member Layout.layout",
      "fullName": "WorkTypeGroupMember-Work Type Group Member Layout",
      "id": "00h7Q000009CunuQAC",
      "lastModifiedById": "0057Q000004M3r0QAC",
      "lastModifiedByName": "Automated Process",
      "lastModifiedDate": "2022-04-14T23:23:51.000Z",
      "manageableState": "unmanaged",
      "type": "Layout"
    },
    {
      "createdById": "0057Q000003RdyqQAC",
      "createdByName": "Diana Lopes",
      "createdDate": "2022-04-14T23:23:51.000Z",
      "fileName": "layouts/Campaign-Campaign Layout.layout",
      "fullName": "Campaign-Campaign Layout",
      "id": "00h7Q000009Cun9QAC",
      "lastModifiedById": "0057Q000003RdyqQAC",
      "lastModifiedByName": "Diana Lopes",
      "lastModifiedDate": "2022-04-14T23:26:04.000Z",
      "manageableState": "unmanaged",
      "type": "Layout"
    },
    {
      "createdById": "0057Q000004M3r1QAC",
      "createdByName": "salesforce.com",
      "createdDate": "2022-04-14T23:25:52.000Z",
      "fileName": "layouts/SessionHijackingEventStore-Session Hijacking Event Store Layout.layout",
      "fullName": "SessionHijackingEventStore-Session Hijacking Event Store Layout",
      "id": "00h7Q0000061DlKQAU",
      "lastModifiedById": "0057Q000004M3r1QAC",
      "lastModifiedByName": "salesforce.com",
      "lastModifiedDate": "2022-04-14T23:25:52.000Z",
      "manageableState": "unmanaged",
      "type": "Layout"
    },
    {
      "createdById": "0057Q000004M3r1QAC",
      "createdByName": "salesforce.com",
      "createdDate": "2022-04-14T23:25:43.000Z",
      "fileName": "layouts/DataUseLegalBasis-Data Use Legal Basis Layout.layout",
      "fullName": "DataUseLegalBasis-Data Use Legal Basis Layout",
      "id": "00h7Q0000061DlBQAU",
      "lastModifiedById": "0057Q000003RdyqQAC",
      "lastModifiedByName": "Diana Lopes",
      "lastModifiedDate": "2022-04-14T23:25:44.000Z",
      "manageableState": "unmanaged",
      "type": "Layout"
    },
    {
      "createdById": "0057Q000003RdyqQAC",
      "createdByName": "Diana Lopes",
      "createdDate": "2022-04-14T23:23:51.000Z",
      "fileName": "layouts/OpportunityLineItem-Opportunity Product Layout.layout",
      "fullName": "OpportunityLineItem-Opportunity Product Layout",
      "id": "00h7Q000009Cup8QAC",
      "lastModifiedById": "0057Q000003RdyqQAC",
      "lastModifiedByName": "Diana Lopes",
      "lastModifiedDate": "2022-04-14T23:23:51.000Z",
      "manageableState": "unmanaged",
      "type": "Layout"
    },
    {
      "createdById": "0057Q000004M3r1QAC",
      "createdByName": "salesforce.com",
      "createdDate": "2022-04-14T23:23:51.000Z",
      "fileName": "layouts/CartValidationOutput-Cart Validation Output Layout.layout",
      "fullName": "CartValidationOutput-Cart Validation Output Layout",
      "id": "00h7Q000009Cuo6QAC",
      "lastModifiedById": "0057Q000004M3r1QAC",
      "lastModifiedByName": "salesforce.com",
      "lastModifiedDate": "2022-04-14T23:23:51.000Z",
      "manageableState": "unmanaged",
      "type": "Layout"
    },
    {
      "createdById": "0057Q000004M3r1QAC",
      "createdByName": "salesforce.com",
      "createdDate": "2022-04-14T23:25:43.000Z",
      "fileName": "layouts/AuthorizationFormDataUse-Authorization Form Data Use Layout.layout",
      "fullName": "AuthorizationFormDataUse-Authorization Form Data Use Layout",
      "id": "00h7Q0000061Dl8QAE",
      "lastModifiedById": "0057Q000003RdyqQAC",
      "lastModifiedByName": "Diana Lopes",
      "lastModifiedDate": "2022-04-14T23:25:44.000Z",
      "manageableState": "unmanaged",
      "type": "Layout"
    },
    {
      "createdById": "0057Q000004M3r1QAC",
      "createdByName": "salesforce.com",
      "createdDate": "2022-04-14T23:25:59.000Z",
      "fileName": "layouts/UserProvisioningLog-User Provisioning Log Layout.layout",
      "fullName": "UserProvisioningLog-User Provisioning Log Layout",
      "id": "00h7Q0000061DlPQAU",
      "lastModifiedById": "0057Q000004M3r1QAC",
      "lastModifiedByName": "salesforce.com",
      "lastModifiedDate": "2022-04-14T23:25:59.000Z",
      "manageableState": "unmanaged",
      "type": "Layout"
    },
    {
      "createdById": "0057Q000004M3r1QAC",
      "createdByName": "salesforce.com",
      "createdDate": "2022-04-14T23:23:51.000Z",
      "fileName": "layouts/ReturnOrderItemTax-Return Order Item Tax Layout.layout",
      "fullName": "ReturnOrderItemTax-Return Order Item Tax Layout",
      "id": "00h7Q000009CuoKQAS",
      "lastModifiedById": "0057Q000004M3r1QAC",
      "lastModifiedByName": "salesforce.com",
      "lastModifiedDate": "2022-04-14T23:23:51.000Z",
      "manageableState": "unmanaged",
      "type": "Layout"
    },
    {
      "createdById": "0057Q000004M3r1QAC",
      "createdByName": "salesforce.com",
      "createdDate": "2022-04-14T23:23:51.000Z",
      "fileName": "layouts/AssetActionSource-Asset Action Source Layout.layout",
      "fullName": "AssetActionSource-Asset Action Source Layout",
      "id": "00h7Q000009CuoFQAS",
      "lastModifiedById": "0057Q000004M3r1QAC",
      "lastModifiedByName": "salesforce.com",
      "lastModifiedDate": "2022-04-14T23:23:51.000Z",
      "manageableState": "unmanaged",
      "type": "Layout"
    },
    {
      "createdById": "0057Q000004M3r1QAC",
      "createdByName": "salesforce.com",
      "createdDate": "2022-04-14T23:23:51.000Z",
      "fileName": "layouts/FinanceTransaction-Finance Transaction Layout.layout",
      "fullName": "FinanceTransaction-Finance Transaction Layout",
      "id": "00h7Q000009CuoNQAS",
      "lastModifiedById": "0057Q000004M3r1QAC",
      "lastModifiedByName": "salesforce.com",
      "lastModifiedDate": "2022-04-14T23:23:51.000Z",
      "manageableState": "unmanaged",
      "type": "Layout"
    },
    {
      "createdById": "0057Q000003RdyqQAC",
      "createdByName": "Diana Lopes",
      "createdDate": "2022-04-14T23:23:51.000Z",
      "fileName": "layouts/Lead-Lead %28Marketing%29 Layout.layout",
      "fullName": "Lead-Lead %28Marketing%29 Layout",
      "id": "00h7Q000009Cun3QAC",
      "lastModifiedById": "0057Q000003RdyqQAC",
      "lastModifiedByName": "Diana Lopes",
      "lastModifiedDate": "2022-04-14T23:23:51.000Z",
      "manageableState": "unmanaged",
      "type": "Layout"
    },
    {
      "createdById": "0057Q000004M3r1QAC",
      "createdByName": "salesforce.com",
      "createdDate": "2022-04-14T23:23:51.000Z",
      "fileName": "layouts/LegalEntity-Legal Entity Layout.layout",
      "fullName": "LegalEntity-Legal Entity Layout",
      "id": "00h7Q000009CuoOQAS",
      "lastModifiedById": "0057Q000004M3r1QAC",
      "lastModifiedByName": "salesforce.com",
      "lastModifiedDate": "2022-04-14T23:23:51.000Z",
      "manageableState": "unmanaged",
      "type": "Layout"
    },
    {
      "createdById": "0057Q000004M3r0QAC",
      "createdByName": "Automated Process",
      "createdDate": "2022-04-14T23:23:51.000Z",
      "fileName": "layouts/Shift-Shift Layout.layout",
      "fullName": "Shift-Shift Layout",
      "id": "00h7Q000009CuoCQAS",
      "lastModifiedById": "0057Q000004M3r0QAC",
      "lastModifiedByName": "Automated Process",
      "lastModifiedDate": "2022-04-14T23:23:51.000Z",
      "manageableState": "unmanaged",
      "type": "Layout"
    },
    {
      "createdById": "0057Q000003RdyqQAC",
      "createdByName": "Diana Lopes",
      "createdDate": "2022-04-14T23:23:51.000Z",
      "fileName": "layouts/Asset-Asset Layout.layout",
      "fullName": "Asset-Asset Layout",
      "id": "00h7Q000009Cup3QAC",
      "lastModifiedById": "0057Q000003RdyqQAC",
      "lastModifiedByName": "Diana Lopes",
      "lastModifiedDate": "2022-04-14T23:23:51.000Z",
      "manageableState": "unmanaged",
      "type": "Layout"
    },
    {
      "createdById": "0057Q000004M3r1QAC",
      "createdByName": "salesforce.com",
      "createdDate": "2022-04-14T23:23:51.000Z",
      "fileName": "layouts/CartTax-Cart Tax Layout.layout",
      "fullName": "CartTax-Cart Tax Layout",
      "id": "00h7Q000009Cuo7QAC",
      "lastModifiedById": "0057Q000004M3r1QAC",
      "lastModifiedByName": "salesforce.com",
      "lastModifiedDate": "2022-04-14T23:23:51.000Z",
      "manageableState": "unmanaged",
      "type": "Layout"
    },
    {
      "createdById": "0057Q000003RdyqQAC",
      "createdByName": "Diana Lopes",
      "createdDate": "2022-04-14T23:23:51.000Z",
      "fileName": "layouts/Case-Case %28Sales%29 Layout.layout",
      "fullName": "Case-Case %28Sales%29 Layout",
      "id": "00h7Q000009CumoQAC",
      "lastModifiedById": "0057Q000003RdyqQAC",
      "lastModifiedByName": "Diana Lopes",
      "lastModifiedDate": "2022-04-14T23:23:51.000Z",
      "manageableState": "unmanaged",
      "type": "Layout"
    },
    {
      "createdById": "0057Q000003RdyqQAC",
      "createdByName": "Diana Lopes",
      "createdDate": "2022-04-14T23:26:40.000Z",
      "fileName": "layouts/ContractLineItem-Contract Line Item Layout.layout",
      "fullName": "ContractLineItem-Contract Line Item Layout",
      "id": "00h7Q0000061DllQAE",
      "lastModifiedById": "0057Q000003RdyqQAC",
      "lastModifiedByName": "Diana Lopes",
      "lastModifiedDate": "2022-04-14T23:26:40.000Z",
      "manageableState": "unmanaged",
      "type": "Layout"
    },
    {
      "createdById": "0057Q000003RdyqQAC",
      "createdByName": "Diana Lopes",
      "createdDate": "2022-04-14T23:23:51.000Z",
      "fileName": "layouts/Account-Account %28Sales%29 Layout.layout",
      "fullName": "Account-Account %28Sales%29 Layout",
      "id": "00h7Q000009Cun0QAC",
      "lastModifiedById": "0057Q000003RdyqQAC",
      "lastModifiedByName": "Diana Lopes",
      "lastModifiedDate": "2022-04-14T23:23:51.000Z",
      "manageableState": "unmanaged",
      "type": "Layout"
    },
    {
      "createdById": "0057Q000004M3r1QAC",
      "createdByName": "salesforce.com",
      "createdDate": "2022-04-14T23:23:51.000Z",
      "fileName": "layouts/CardPaymentMethod-Card Payment Method Layout.layout",
      "fullName": "CardPaymentMethod-Card Payment Method Layout",
      "id": "00h7Q000009CunSQAS",
      "lastModifiedById": "0057Q000004M3r1QAC",
      "lastModifiedByName": "salesforce.com",
      "lastModifiedDate": "2022-04-14T23:23:51.000Z",
      "manageableState": "unmanaged",
      "type": "Layout"
    },
    {
      "createdById": "0057Q000004M3r1QAC",
      "createdByName": "salesforce.com",
      "createdDate": "2022-04-14T23:25:58.000Z",
      "fileName": "layouts/EmailMessage-Email Message Layout.layout",
      "fullName": "EmailMessage-Email Message Layout",
      "id": "00h7Q0000061DlNQAU",
      "lastModifiedById": "0057Q000004M3r1QAC",
      "lastModifiedByName": "salesforce.com",
      "lastModifiedDate": "2022-04-14T23:25:58.000Z",
      "manageableState": "unmanaged",
      "type": "Layout"
    },
    {
      "createdById": "0057Q000003RdyqQAC",
      "createdByName": "Diana Lopes",
      "createdDate": "2022-04-14T23:23:51.000Z",
      "fileName": "layouts/Contact-Contact %28Marketing%29 Layout.layout",
      "fullName": "Contact-Contact %28Marketing%29 Layout",
      "id": "00h7Q000009CumvQAC",
      "lastModifiedById": "0057Q000003RdyqQAC",
      "lastModifiedByName": "Diana Lopes",
      "lastModifiedDate": "2022-04-14T23:23:51.000Z",
      "manageableState": "unmanaged",
      "type": "Layout"
    },
    {
      "createdById": "0057Q000003RdyqQAC",
      "createdByName": "Diana Lopes",
      "createdDate": "2022-04-14T23:23:51.000Z",
      "fileName": "layouts/Opportunity-Opportunity %28Sales%29 Layout.layout",
      "fullName": "Opportunity-Opportunity %28Sales%29 Layout",
      "id": "00h7Q000009CumsQAC",
      "lastModifiedById": "0057Q000003RdyqQAC",
      "lastModifiedByName": "Diana Lopes",
      "lastModifiedDate": "2022-04-14T23:23:51.000Z",
      "manageableState": "unmanaged",
      "type": "Layout"
    },
    {
      "createdById": "0057Q000004M3r0QAC",
      "createdByName": "Automated Process",
      "createdDate": "2022-04-14T23:23:51.000Z",
      "fileName": "layouts/ServiceTerritory-Service Territory Layout.layout",
      "fullName": "ServiceTerritory-Service Territory Layout",
      "id": "00h7Q000009CunjQAC",
      "lastModifiedById": "0057Q000004M3r0QAC",
      "lastModifiedByName": "Automated Process",
      "lastModifiedDate": "2022-04-14T23:23:51.000Z",
      "manageableState": "unmanaged",
      "type": "Layout"
    },
    {
      "createdById": "0057Q000004M3r1QAC",
      "createdByName": "salesforce.com",
      "createdDate": "2022-04-14T23:23:51.000Z",
      "fileName": "layouts/PaymentGatewayLog-Payment Gateway Log Layout.layout",
      "fullName": "PaymentGatewayLog-Payment Gateway Log Layout",
      "id": "00h7Q000009CunLQAS",
      "lastModifiedById": "0057Q000004M3r1QAC",
      "lastModifiedByName": "salesforce.com",
      "lastModifiedDate": "2022-04-14T23:23:51.000Z",
      "manageableState": "unmanaged",
      "type": "Layout"
    },
    {
      "createdById": "0057Q000004M3r0QAC",
      "createdByName": "Automated Process",
      "createdDate": "2022-04-14T23:23:51.000Z",
      "fileName": "layouts/ScorecardAssociation-Scorecard Association Layout.layout",
      "fullName": "ScorecardAssociation-Scorecard Association Layout",
      "id": "00h7Q000009CupVQAS",
      "lastModifiedById": "0057Q000004M3r0QAC",
      "lastModifiedByName": "Automated Process",
      "lastModifiedDate": "2022-04-14T23:23:51.000Z",
      "manageableState": "unmanaged",
      "type": "Layout"
    },
    {
      "createdById": "0057Q000003RdyqQAC",
      "createdByName": "Diana Lopes",
      "createdDate": "2022-04-14T23:23:51.000Z",
      "fileName": "layouts/Case-Case %28Marketing%29 Layout.layout",
      "fullName": "Case-Case %28Marketing%29 Layout",
      "id": "00h7Q000009CumnQAC",
      "lastModifiedById": "0057Q000003RdyqQAC",
      "lastModifiedByName": "Diana Lopes",
      "lastModifiedDate": "2022-04-14T23:23:51.000Z",
      "manageableState": "unmanaged",
      "type": "Layout"
    },
    {
      "createdById": "0057Q000003RdyqQAC",
      "createdByName": "Diana Lopes",
      "createdDate": "2022-04-14T23:26:14.000Z",
      "fileName": "layouts/WorkOrder-Work Order Layout.layout",
      "fullName": "WorkOrder-Work Order Layout",
      "id": "00h7Q0000061DlTQAU",
      "lastModifiedById": "0057Q000003RdyqQAC",
      "lastModifiedByName": "Diana Lopes",
      "lastModifiedDate": "2022-04-14T23:26:14.000Z",
      "manageableState": "unmanaged",
      "type": "Layout"
    },
    {
      "createdById": "0057Q000003RdyqQAC",
      "createdByName": "Diana Lopes",
      "createdDate": "2022-04-14T23:23:51.000Z",
      "fileName": "layouts/Case-Case Layout.layout",
      "fullName": "Case-Case Layout",
      "id": "00h7Q000009CumqQAC",
      "lastModifiedById": "0057Q000003RdyqQAC",
      "lastModifiedByName": "Diana Lopes",
      "lastModifiedDate": "2022-04-14T23:23:51.000Z",
      "manageableState": "unmanaged",
      "type": "Layout"
    },
    {
      "createdById": "0057Q000003RdyqQAC",
      "createdByName": "Diana Lopes",
      "createdDate": "2022-04-14T23:23:51.000Z",
      "fileName": "layouts/CampaignMember-Campaign Member Page Layout.layout",
      "fullName": "CampaignMember-Campaign Member Page Layout",
      "id": "00h7Q000009CuoYQAS",
      "lastModifiedById": "0057Q000003RdyqQAC",
      "lastModifiedByName": "Diana Lopes",
      "lastModifiedDate": "2022-04-14T23:23:51.000Z",
      "manageableState": "unmanaged",
      "type": "Layout"
    },
    {
      "createdById": "0057Q000004M3r1QAC",
      "createdByName": "salesforce.com",
      "createdDate": "2022-04-14T23:23:51.000Z",
      "fileName": "layouts/BusinessBrand-Business Brand Layout.layout",
      "fullName": "BusinessBrand-Business Brand Layout",
      "id": "00h7Q000009Cuo0QAC",
      "lastModifiedById": "0057Q000004M3r1QAC",
      "lastModifiedByName": "salesforce.com",
      "lastModifiedDate": "2022-04-14T23:23:51.000Z",
      "manageableState": "unmanaged",
      "type": "Layout"
    },
    {
      "createdById": "0057Q000004M3r1QAC",
      "createdByName": "salesforce.com",
      "createdDate": "2022-04-14T23:23:51.000Z",
      "fileName": "layouts/FeedItem-Feed Item Layout.layout",
      "fullName": "FeedItem-Feed Item Layout",
      "id": "00h7Q000009CuoLQAS",
      "lastModifiedById": "0057Q000004M3r1QAC",
      "lastModifiedByName": "salesforce.com",
      "lastModifiedDate": "2022-04-14T23:23:51.000Z",
      "manageableState": "unmanaged",
      "type": "Layout"
    },
    {
      "createdById": "0057Q000004M3r1QAC",
      "createdByName": "salesforce.com",
      "createdDate": "2022-04-14T23:23:51.000Z",
      "fileName": "layouts/WebCartAdjustmentBasis-Cart Adjustment Basis Layout.layout",
      "fullName": "WebCartAdjustmentBasis-Cart Adjustment Basis Layout",
      "id": "00h7Q000009CuoBQAS",
      "lastModifiedById": "0057Q000004M3r1QAC",
      "lastModifiedByName": "salesforce.com",
      "lastModifiedDate": "2022-04-14T23:23:51.000Z",
      "manageableState": "unmanaged",
      "type": "Layout"
    },
    {
      "createdById": "0057Q000004M3r0QAC",
      "createdByName": "Automated Process",
      "createdDate": "2022-04-14T23:23:51.000Z",
      "fileName": "layouts/AssignedResource-Assigned Resource Layout.layout",
      "fullName": "AssignedResource-Assigned Resource Layout",
      "id": "00h7Q000009CunsQAC",
      "lastModifiedById": "0057Q000004M3r0QAC",
      "lastModifiedByName": "Automated Process",
      "lastModifiedDate": "2022-04-14T23:23:51.000Z",
      "manageableState": "unmanaged",
      "type": "Layout"
    },
    {
      "createdById": "0057Q000004M3r0QAC",
      "createdByName": "Automated Process",
      "createdDate": "2022-04-14T23:23:51.000Z",
      "fileName": "layouts/ServiceAppointment-Service Appointment Layout.layout",
      "fullName": "ServiceAppointment-Service Appointment Layout",
      "id": "00h7Q000009CuntQAC",
      "lastModifiedById": "0057Q000004M3r0QAC",
      "lastModifiedByName": "Automated Process",
      "lastModifiedDate": "2022-04-14T23:23:51.000Z",
      "manageableState": "unmanaged",
      "type": "Layout"
    },
    {
      "createdById": "0057Q000004M3r1QAC",
      "createdByName": "salesforce.com",
      "createdDate": "2022-04-14T23:23:51.000Z",
      "fileName": "layouts/FinanceBalanceSnapshot-Finance Balance Snapshot Layout.layout",
      "fullName": "FinanceBalanceSnapshot-Finance Balance Snapshot Layout",
      "id": "00h7Q000009CuoMQAS",
      "lastModifiedById": "0057Q000004M3r1QAC",
      "lastModifiedByName": "salesforce.com",
      "lastModifiedDate": "2022-04-14T23:23:51.000Z",
      "manageableState": "unmanaged",
      "type": "Layout"
    },
    {
      "createdById": "0057Q000004M3r1QAC",
      "createdByName": "salesforce.com",
      "createdDate": "2022-04-14T23:25:59.000Z",
      "fileName": "layouts/UserProvAccount-User Provisioning Account Layout.layout",
      "fullName": "UserProvAccount-User Provisioning Account Layout",
      "id": "00h7Q0000061DlQQAU",
      "lastModifiedById": "0057Q000004M3r1QAC",
      "lastModifiedByName": "salesforce.com",
      "lastModifiedDate": "2022-04-14T23:25:59.000Z",
      "manageableState": "unmanaged",
      "type": "Layout"
    },
    {
      "createdById": "0057Q000004M3r0QAC",
      "createdByName": "Automated Process",
      "createdDate": "2022-04-14T23:23:51.000Z",
      "fileName": "layouts/WorkType-Work Type Layout.layout",
      "fullName": "WorkType-Work Type Layout",
      "id": "00h7Q000009CunhQAC",
      "lastModifiedById": "0057Q000004M3r0QAC",
      "lastModifiedByName": "Automated Process",
      "lastModifiedDate": "2022-04-14T23:23:51.000Z",
      "manageableState": "unmanaged",
      "type": "Layout"
    },
    {
      "createdById": "0057Q000004M3r0QAC",
      "createdByName": "Automated Process",
      "createdDate": "2022-04-14T23:23:51.000Z",
      "fileName": "layouts/SkillRequirement-Skill Requirement Layout.layout",
      "fullName": "SkillRequirement-Skill Requirement Layout",
      "id": "00h7Q000009CunmQAC",
      "lastModifiedById": "0057Q000004M3r0QAC",
      "lastModifiedByName": "Automated Process",
      "lastModifiedDate": "2022-04-14T23:23:51.000Z",
      "manageableState": "unmanaged",
      "type": "Layout"
    },
    {
      "createdById": "0057Q000003RdyqQAC",
      "createdByName": "Diana Lopes",
      "createdDate": "2022-05-22T20:11:19.000Z",
      "fileName": "layouts/DL_Warranty__c-Warranty Layout.layout",
      "fullName": "DL_Warranty__c-Warranty Layout",
      "id": "00h7Q0000062QMxQAM",
      "lastModifiedById": "0057Q000003RdyqQAC",
      "lastModifiedByName": "Diana Lopes",
      "lastModifiedDate": "2022-05-23T14:03:14.000Z",
      "manageableState": "unmanaged",
      "type": "Layout"
    },
    {
      "createdById": "0057Q000003RdyqQAC",
      "createdByName": "Diana Lopes",
      "createdDate": "2022-04-14T23:23:51.000Z",
      "fileName": "layouts/OrderItem-Order Product Layout.layout",
      "fullName": "OrderItem-Order Product Layout",
      "id": "00h7Q000009CupAQAS",
      "lastModifiedById": "0057Q000003RdyqQAC",
      "lastModifiedByName": "Diana Lopes",
      "lastModifiedDate": "2022-04-14T23:23:51.000Z",
      "manageableState": "unmanaged",
      "type": "Layout"
    },
    {
      "createdById": "0057Q000004M3r0QAC",
      "createdByName": "Automated Process",
      "createdDate": "2022-04-14T23:23:51.000Z",
      "fileName": "layouts/OperatingHours-Operating Hours Layout.layout",
      "fullName": "OperatingHours-Operating Hours Layout",
      "id": "00h7Q000009CunnQAC",
      "lastModifiedById": "0057Q000004M3r0QAC",
      "lastModifiedByName": "Automated Process",
      "lastModifiedDate": "2022-04-14T23:23:51.000Z",
      "manageableState": "unmanaged",
      "type": "Layout"
    },
    {
      "createdById": "0057Q000003RdyqQAC",
      "createdByName": "Diana Lopes",
      "createdDate": "2022-04-14T23:23:51.000Z",
      "fileName": "layouts/PricebookEntry-Price Book Entry Layout.layout",
      "fullName": "PricebookEntry-Price Book Entry Layout",
      "id": "00h7Q000009CuoWQAS",
      "lastModifiedById": "0057Q000003RdyqQAC",
      "lastModifiedByName": "Diana Lopes",
      "lastModifiedDate": "2022-04-14T23:23:51.000Z",
      "manageableState": "unmanaged",
      "type": "Layout"
    },
    {
      "createdById": "0057Q000004M3r1QAC",
      "createdByName": "salesforce.com",
      "createdDate": "2022-04-14T23:23:51.000Z",
      "fileName": "layouts/ProductConsumptionSchedule-Product Consumption Schedule Layout.layout",
      "fullName": "ProductConsumptionSchedule-Product Consumption Schedule Layout",
      "id": "00h7Q000009CuoUQAS",
      "lastModifiedById": "0057Q000004M3r1QAC",
      "lastModifiedByName": "salesforce.com",
      "lastModifiedDate": "2022-04-14T23:23:51.000Z",
      "manageableState": "unmanaged",
      "type": "Layout"
    },
    {
      "createdById": "0057Q000004M3r1QAC",
      "createdByName": "salesforce.com",
      "createdDate": "2022-04-14T23:23:51.000Z",
      "fileName": "layouts/AssetAction-Asset Action Layout.layout",
      "fullName": "AssetAction-Asset Action Layout",
      "id": "00h7Q000009CuoEQAS",
      "lastModifiedById": "0057Q000004M3r1QAC",
      "lastModifiedByName": "salesforce.com",
      "lastModifiedDate": "2022-04-14T23:23:51.000Z",
      "manageableState": "unmanaged",
      "type": "Layout"
    },
    {
      "createdById": "0057Q000004M3r1QAC",
      "createdByName": "salesforce.com",
      "createdDate": "2022-04-14T23:23:51.000Z",
      "fileName": "layouts/RefundLinePayment-Refund Line Payment Layout.layout",
      "fullName": "RefundLinePayment-Refund Line Payment Layout",
      "id": "00h7Q000009CunNQAS",
      "lastModifiedById": "0057Q000004M3r1QAC",
      "lastModifiedByName": "salesforce.com",
      "lastModifiedDate": "2022-04-14T23:23:51.000Z",
      "manageableState": "unmanaged",
      "type": "Layout"
    },
    {
      "createdById": "0057Q000003RdyqQAC",
      "createdByName": "Diana Lopes",
      "createdDate": "2022-04-14T23:23:51.000Z",
      "fileName": "layouts/ContactPointEmail-Contact Point Email Layout.layout",
      "fullName": "ContactPointEmail-Contact Point Email Layout",
      "id": "00h7Q000009CunZQAS",
      "lastModifiedById": "0057Q000003RdyqQAC",
      "lastModifiedByName": "Diana Lopes",
      "lastModifiedDate": "2022-04-14T23:23:51.000Z",
      "manageableState": "unmanaged",
      "type": "Layout"
    },
    {
      "createdById": "0057Q000003RdyqQAC",
      "createdByName": "Diana Lopes",
      "createdDate": "2022-05-22T20:15:52.000Z",
      "fileName": "layouts/DL_Material__c-Material Layout.layout",
      "fullName": "DL_Material__c-Material Layout",
      "id": "00h7Q0000062QN7QAM",
      "lastModifiedById": "0057Q000003RdyqQAC",
      "lastModifiedByName": "Diana Lopes",
      "lastModifiedDate": "2022-05-23T13:45:30.000Z",
      "manageableState": "unmanaged",
      "type": "Layout"
    },
    {
      "createdById": "0057Q000004M3r1QAC",
      "createdByName": "salesforce.com",
      "createdDate": "2022-04-14T23:23:51.000Z",
      "fileName": "layouts/ConsumptionSchedule-Consumption Schedule Layout.layout",
      "fullName": "ConsumptionSchedule-Consumption Schedule Layout",
      "id": "00h7Q000009CuoSQAS",
      "lastModifiedById": "0057Q000004M3r1QAC",
      "lastModifiedByName": "salesforce.com",
      "lastModifiedDate": "2022-04-14T23:23:51.000Z",
      "manageableState": "unmanaged",
      "type": "Layout"
    },
    {
      "createdById": "0057Q000004M3r1QAC",
      "createdByName": "salesforce.com",
      "createdDate": "2022-04-14T23:23:51.000Z",
      "fileName": "layouts/AssetStatePeriod-Asset State Period Layout.layout",
      "fullName": "AssetStatePeriod-Asset State Period Layout",
      "id": "00h7Q000009CuoGQAS",
      "lastModifiedById": "0057Q000004M3r1QAC",
      "lastModifiedByName": "salesforce.com",
      "lastModifiedDate": "2022-04-14T23:23:51.000Z",
      "manageableState": "unmanaged",
      "type": "Layout"
    },
    {
      "createdById": "0057Q000004M3r1QAC",
      "createdByName": "salesforce.com",
      "createdDate": "2022-04-14T23:25:52.000Z",
      "fileName": "layouts/ThreatDetectionFeedback-Threat Detection Feedback Layout.layout",
      "fullName": "ThreatDetectionFeedback-Threat Detection Feedback Layout",
      "id": "00h7Q0000061DlLQAU",
      "lastModifiedById": "0057Q000004M3r1QAC",
      "lastModifiedByName": "salesforce.com",
      "lastModifiedDate": "2022-04-14T23:25:52.000Z",
      "manageableState": "unmanaged",
      "type": "Layout"
    },
    {
      "createdById": "0057Q000004M3r1QAC",
      "createdByName": "salesforce.com",
      "createdDate": "2022-04-14T23:25:52.000Z",
      "fileName": "layouts/ApiAnomalyEventStore-API Anomaly Event Store Layout.layout",
      "fullName": "ApiAnomalyEventStore-API Anomaly Event Store Layout",
      "id": "00h7Q0000061DlMQAU",
      "lastModifiedById": "0057Q000004M3r1QAC",
      "lastModifiedByName": "salesforce.com",
      "lastModifiedDate": "2022-04-14T23:25:52.000Z",
      "manageableState": "unmanaged",
      "type": "Layout"
    },
    {
      "createdById": "0057Q000003RdyqQAC",
      "createdByName": "Diana Lopes",
      "createdDate": "2022-04-14T23:23:51.000Z",
      "fileName": "layouts/CaseClose-Close Case Layout.layout",
      "fullName": "CaseClose-Close Case Layout",
      "id": "00h7Q000009Cup4QAC",
      "lastModifiedById": "0057Q000003RdyqQAC",
      "lastModifiedByName": "Diana Lopes",
      "lastModifiedDate": "2022-04-14T23:23:51.000Z",
      "manageableState": "unmanaged",
      "type": "Layout"
    },
    {
      "createdById": "0057Q000003RdyqQAC",
      "createdByName": "Diana Lopes",
      "createdDate": "2022-04-14T23:23:51.000Z",
      "fileName": "layouts/Opportunity-Opportunity %28Marketing%29 Layout.layout",
      "fullName": "Opportunity-Opportunity %28Marketing%29 Layout",
      "id": "00h7Q000009CumrQAC",
      "lastModifiedById": "0057Q000003RdyqQAC",
      "lastModifiedByName": "Diana Lopes",
      "lastModifiedDate": "2022-04-14T23:23:51.000Z",
      "manageableState": "unmanaged",
      "type": "Layout"
    },
    {
      "createdById": "0057Q000004M3r1QAC",
      "createdByName": "salesforce.com",
      "createdDate": "2022-04-14T23:25:43.000Z",
      "fileName": "layouts/AuthorizationFormText-Authorization Form Text Layout.layout",
      "fullName": "AuthorizationFormText-Authorization Form Text Layout",
      "id": "00h7Q0000061Dl6QAE",
      "lastModifiedById": "0057Q000003RdyqQAC",
      "lastModifiedByName": "Diana Lopes",
      "lastModifiedDate": "2022-04-14T23:25:44.000Z",
      "manageableState": "unmanaged",
      "type": "Layout"
    },
    {
      "createdById": "0057Q000004M3r1QAC",
      "createdByName": "salesforce.com",
      "createdDate": "2022-04-14T23:25:41.000Z",
      "fileName": "layouts/PaymentAuthAdjustment-Payment Authorization Adjustment Layout.layout",
      "fullName": "PaymentAuthAdjustment-Payment Authorization Adjustment Layout",
      "id": "00h7Q0000061DkpQAE",
      "lastModifiedById": "0057Q000004M3r1QAC",
      "lastModifiedByName": "salesforce.com",
      "lastModifiedDate": "2022-04-14T23:25:41.000Z",
      "manageableState": "unmanaged",
      "type": "Layout"
    },
    {
      "createdById": "0057Q000004M3r1QAC",
      "createdByName": "salesforce.com",
      "createdDate": "2022-04-14T23:23:51.000Z",
      "fileName": "layouts/DuplicateRecordSet-Duplicate Record Set Layout.layout",
      "fullName": "DuplicateRecordSet-Duplicate Record Set Layout",
      "id": "00h7Q000009CuofQAC",
      "lastModifiedById": "0057Q000004M3r1QAC",
      "lastModifiedByName": "salesforce.com",
      "lastModifiedDate": "2022-04-14T23:23:51.000Z",
      "manageableState": "unmanaged",
      "type": "Layout"
    },
    {
      "createdById": "0057Q000003RdyqQAC",
      "createdByName": "Diana Lopes",
      "createdDate": "2022-05-22T20:12:16.000Z",
      "fileName": "layouts/DL_Company__c-Company Layout.layout",
      "fullName": "DL_Company__c-Company Layout",
      "id": "00h7Q0000062QN2QAM",
      "lastModifiedById": "0057Q000003RdyqQAC",
      "lastModifiedByName": "Diana Lopes",
      "lastModifiedDate": "2022-05-23T14:03:14.000Z",
      "manageableState": "unmanaged",
      "type": "Layout"
    },
    {
      "createdById": "0057Q000004M3r1QAC",
      "createdByName": "salesforce.com",
      "createdDate": "2022-04-14T23:23:51.000Z",
      "fileName": "layouts/CartDeliveryGroup-Cart Delivery Group Layout.layout",
      "fullName": "CartDeliveryGroup-Cart Delivery Group Layout",
      "id": "00h7Q000009Cuo2QAC",
      "lastModifiedById": "0057Q000004M3r1QAC",
      "lastModifiedByName": "salesforce.com",
      "lastModifiedDate": "2022-04-14T23:23:51.000Z",
      "manageableState": "unmanaged",
      "type": "Layout"
    },
    {
      "createdById": "0057Q000003RdyqQAC",
      "createdByName": "Diana Lopes",
      "createdDate": "2022-04-14T23:23:51.000Z",
      "fileName": "layouts/Global-Global Layout.layout",
      "fullName": "Global-Global Layout",
      "id": "00h7Q000009Cun7QAC",
      "lastModifiedById": "0057Q000003RdyqQAC",
      "lastModifiedByName": "Diana Lopes",
      "lastModifiedDate": "2022-04-14T23:23:51.000Z",
      "manageableState": "unmanaged",
      "type": "Layout"
    },
    {
      "createdById": "0057Q000004M3r1QAC",
      "createdByName": "salesforce.com",
      "createdDate": "2022-04-14T23:23:51.000Z",
      "fileName": "layouts/WebCart-Cart Layout.layout",
      "fullName": "WebCart-Cart Layout",
      "id": "00h7Q000009Cuo4QAC",
      "lastModifiedById": "0057Q000004M3r1QAC",
      "lastModifiedByName": "salesforce.com",
      "lastModifiedDate": "2022-04-14T23:23:51.000Z",
      "manageableState": "unmanaged",
      "type": "Layout"
    },
    {
      "createdById": "0057Q000004M3r0QAC",
      "createdByName": "Automated Process",
      "createdDate": "2022-04-14T23:23:51.000Z",
      "fileName": "layouts/WorkTypeGroup-Work Type Group Layout.layout",
      "fullName": "WorkTypeGroup-Work Type Group Layout",
      "id": "00h7Q000009CunvQAC",
      "lastModifiedById": "0057Q000004M3r0QAC",
      "lastModifiedByName": "Automated Process",
      "lastModifiedDate": "2022-04-14T23:23:51.000Z",
      "manageableState": "unmanaged",
      "type": "Layout"
    },
    {
      "createdById": "0057Q000003RdyqQAC",
      "createdByName": "Diana Lopes",
      "createdDate": "2022-04-14T23:23:51.000Z",
      "fileName": "layouts/Contact-Contact %28Support%29 Layout.layout",
      "fullName": "Contact-Contact %28Support%29 Layout",
      "id": "00h7Q000009CumxQAC",
      "lastModifiedById": "0057Q000003RdyqQAC",
      "lastModifiedByName": "Diana Lopes",
      "lastModifiedDate": "2022-04-14T23:23:51.000Z",
      "manageableState": "unmanaged",
      "type": "Layout"
    },
    {
      "createdById": "0057Q000003RdyqQAC",
      "createdByName": "Diana Lopes",
      "createdDate": "2022-04-14T23:26:14.000Z",
      "fileName": "layouts/WorkOrderLineItem-Work Order Line Item Layout.layout",
      "fullName": "WorkOrderLineItem-Work Order Line Item Layout",
      "id": "00h7Q0000061DlZQAU",
      "lastModifiedById": "0057Q000003RdyqQAC",
      "lastModifiedByName": "Diana Lopes",
      "lastModifiedDate": "2022-04-14T23:26:14.000Z",
      "manageableState": "unmanaged",
      "type": "Layout"
    },
    {
      "createdById": "0057Q000004M3r1QAC",
      "createdByName": "salesforce.com",
      "createdDate": "2022-04-14T23:23:51.000Z",
      "fileName": "layouts/CartCheckoutSession-Cart Checkout Session Layout.layout",
      "fullName": "CartCheckoutSession-Cart Checkout Session Layout",
      "id": "00h7Q000009Cuo5QAC",
      "lastModifiedById": "0057Q000004M3r1QAC",
      "lastModifiedByName": "salesforce.com",
      "lastModifiedDate": "2022-04-14T23:23:51.000Z",
      "manageableState": "unmanaged",
      "type": "Layout"
    },
    {
      "createdById": "0057Q000003RdyqQAC",
      "createdByName": "Diana Lopes",
      "createdDate": "2022-04-14T23:26:40.000Z",
      "fileName": "layouts/Entitlement-Entitlement Layout.layout",
      "fullName": "Entitlement-Entitlement Layout",
      "id": "00h7Q0000061DljQAE",
      "lastModifiedById": "0057Q000003RdyqQAC",
      "lastModifiedByName": "Diana Lopes",
      "lastModifiedDate": "2022-04-14T23:26:40.000Z",
      "manageableState": "unmanaged",
      "type": "Layout"
    },
    {
      "createdById": "0057Q000004M3r1QAC",
      "createdByName": "salesforce.com",
      "createdDate": "2022-04-14T23:23:51.000Z",
      "fileName": "layouts/Invoice-Invoice Layout.layout",
      "fullName": "Invoice-Invoice Layout",
      "id": "00h7Q000009CundQAC",
      "lastModifiedById": "0057Q000004M3r1QAC",
      "lastModifiedByName": "salesforce.com",
      "lastModifiedDate": "2022-04-14T23:23:51.000Z",
      "manageableState": "unmanaged",
      "type": "Layout"
    },
    {
      "createdById": "0057Q000003RdyqQAC",
      "createdByName": "Diana Lopes",
      "createdDate": "2022-04-14T23:23:51.000Z",
      "fileName": "layouts/Solution-Solution Layout.layout",
      "fullName": "Solution-Solution Layout",
      "id": "00h7Q000009CupCQAS",
      "lastModifiedById": "0057Q000003RdyqQAC",
      "lastModifiedByName": "Diana Lopes",
      "lastModifiedDate": "2022-04-14T23:23:51.000Z",
      "manageableState": "unmanaged",
      "type": "Layout"
    },
    {
      "createdById": "0057Q000003RdyqQAC",
      "createdByName": "Diana Lopes",
      "createdDate": "2022-04-14T23:26:40.000Z",
      "fileName": "layouts/ServiceContract-Service Contract Layout.layout",
      "fullName": "ServiceContract-Service Contract Layout",
      "id": "00h7Q0000061DlkQAE",
      "lastModifiedById": "0057Q000003RdyqQAC",
      "lastModifiedByName": "Diana Lopes",
      "lastModifiedDate": "2022-04-14T23:26:40.000Z",
      "manageableState": "unmanaged",
      "type": "Layout"
    },
    {
      "createdById": "0057Q000004M3r1QAC",
      "createdByName": "salesforce.com",
      "createdDate": "2022-04-14T23:23:51.000Z",
      "fileName": "layouts/SocialPersona-Social Persona Layout.layout",
      "fullName": "SocialPersona-Social Persona Layout",
      "id": "00h7Q000009CuovQAC",
      "lastModifiedById": "0057Q000004M3r1QAC",
      "lastModifiedByName": "salesforce.com",
      "lastModifiedDate": "2022-04-14T23:23:51.000Z",
      "manageableState": "unmanaged",
      "type": "Layout"
    },
    {
      "createdById": "0057Q000004M3r0QAC",
      "createdByName": "Automated Process",
      "createdDate": "2022-04-14T23:23:51.000Z",
      "fileName": "layouts/ServiceTerritoryMember-Service Territory Member Layout.layout",
      "fullName": "ServiceTerritoryMember-Service Territory Member Layout",
      "id": "00h7Q000009CunkQAC",
      "lastModifiedById": "0057Q000004M3r0QAC",
      "lastModifiedByName": "Automated Process",
      "lastModifiedDate": "2022-04-14T23:23:51.000Z",
      "manageableState": "unmanaged",
      "type": "Layout"
    },
    {
      "createdById": "0057Q000004M3r1QAC",
      "createdByName": "salesforce.com",
      "createdDate": "2022-04-14T23:23:51.000Z",
      "fileName": "layouts/Payment-Payment Layout.layout",
      "fullName": "Payment-Payment Layout",
      "id": "00h7Q000009CunRQAS",
      "lastModifiedById": "0057Q000004M3r1QAC",
      "lastModifiedByName": "salesforce.com",
      "lastModifiedDate": "2022-04-14T23:23:51.000Z",
      "manageableState": "unmanaged",
      "type": "Layout"
    },
    {
      "createdById": "0057Q000003RdyqQAC",
      "createdByName": "Diana Lopes",
      "createdDate": "2022-04-14T23:23:51.000Z",
      "fileName": "layouts/Contract-Contract Layout.layout",
      "fullName": "Contract-Contract Layout",
      "id": "00h7Q000009Cup5QAC",
      "lastModifiedById": "0057Q000003RdyqQAC",
      "lastModifiedByName": "Diana Lopes",
      "lastModifiedDate": "2022-04-14T23:23:51.000Z",
      "manageableState": "unmanaged",
      "type": "Layout"
    },
    {
      "createdById": "0057Q000003RdyqQAC",
      "createdByName": "Diana Lopes",
      "createdDate": "2022-04-14T23:23:51.000Z",
      "fileName": "layouts/Lead-Lead %28Sales%29 Layout.layout",
      "fullName": "Lead-Lead %28Sales%29 Layout",
      "id": "00h7Q000009Cun4QAC",
      "lastModifiedById": "0057Q000003RdyqQAC",
      "lastModifiedByName": "Diana Lopes",
      "lastModifiedDate": "2022-04-14T23:23:51.000Z",
      "manageableState": "unmanaged",
      "type": "Layout"
    },
    {
      "createdById": "0057Q000004M3r1QAC",
      "createdByName": "salesforce.com",
      "createdDate": "2022-04-14T23:25:43.000Z",
      "fileName": "layouts/ContactPointTypeConsent-Contact Point Type Consent Layout.layout",
      "fullName": "ContactPointTypeConsent-Contact Point Type Consent Layout",
      "id": "00h7Q0000061Dl9QAE",
      "lastModifiedById": "0057Q000003RdyqQAC",
      "lastModifiedByName": "Diana Lopes",
      "lastModifiedDate": "2022-04-14T23:25:44.000Z",
      "manageableState": "unmanaged",
      "type": "Layout"
    },
    {
      "createdById": "0057Q000003RdyqQAC",
      "createdByName": "Diana Lopes",
      "createdDate": "2022-04-14T23:23:51.000Z",
      "fileName": "layouts/ContactPointPhone-Contact Point Phone Layout.layout",
      "fullName": "ContactPointPhone-Contact Point Phone Layout",
      "id": "00h7Q000009CunYQAS",
      "lastModifiedById": "0057Q000003RdyqQAC",
      "lastModifiedByName": "Diana Lopes",
      "lastModifiedDate": "2022-04-14T23:23:51.000Z",
      "manageableState": "unmanaged",
      "type": "Layout"
    },
    {
      "createdById": "0057Q000003RdyqQAC",
      "createdByName": "Diana Lopes",
      "createdDate": "2022-04-14T23:23:51.000Z",
      "fileName": "layouts/ScorecardMetric-Scorecard Metric Layout.layout",
      "fullName": "ScorecardMetric-Scorecard Metric Layout",
      "id": "00h7Q000009CupTQAS",
      "lastModifiedById": "0057Q000003RdyqQAC",
      "lastModifiedByName": "Diana Lopes",
      "lastModifiedDate": "2022-04-14T23:23:51.000Z",
      "manageableState": "unmanaged",
      "type": "Layout"
    },
    {
      "createdById": "0057Q000004M3r1QAC",
      "createdByName": "salesforce.com",
      "createdDate": "2022-04-14T23:23:51.000Z",
      "fileName": "layouts/DandBCompany-D%26B Company Layout.layout",
      "fullName": "DandBCompany-D%26B Company Layout",
      "id": "00h7Q000009CuogQAC",
      "lastModifiedById": "0057Q000004M3r1QAC",
      "lastModifiedByName": "salesforce.com",
      "lastModifiedDate": "2022-04-14T23:23:51.000Z",
      "manageableState": "unmanaged",
      "type": "Layout"
    },
    {
      "createdById": "0057Q000004M3r0QAC",
      "createdByName": "Automated Process",
      "createdDate": "2022-04-14T23:23:51.000Z",
      "fileName": "layouts/ServiceResourceSkill-Service Resource Skill Layout.layout",
      "fullName": "ServiceResourceSkill-Service Resource Skill Layout",
      "id": "00h7Q000009CunlQAC",
      "lastModifiedById": "0057Q000004M3r0QAC",
      "lastModifiedByName": "Automated Process",
      "lastModifiedDate": "2022-04-14T23:23:51.000Z",
      "manageableState": "unmanaged",
      "type": "Layout"
    },
    {
      "createdById": "0057Q000003RdyqQAC",
      "createdByName": "Diana Lopes",
      "createdDate": "2022-04-14T23:23:51.000Z",
      "fileName": "layouts/User-User Layout.layout",
      "fullName": "User-User Layout",
      "id": "00h7Q000009CupDQAS",
      "lastModifiedById": "0057Q000003RdyqQAC",
      "lastModifiedByName": "Diana Lopes",
      "lastModifiedDate": "2022-04-14T23:23:51.000Z",
      "manageableState": "unmanaged",
      "type": "Layout"
    },
    {
      "createdById": "0057Q000003RdyqQAC",
      "createdByName": "Diana Lopes",
      "createdDate": "2022-04-14T23:23:51.000Z",
      "fileName": "layouts/ContentVersion-Content Version Layout.layout",
      "fullName": "ContentVersion-Content Version Layout",
      "id": "00h7Q000009CupEQAS",
      "lastModifiedById": "0057Q000003RdyqQAC",
      "lastModifiedByName": "Diana Lopes",
      "lastModifiedDate": "2022-04-14T23:23:51.000Z",
      "manageableState": "unmanaged",
      "type": "Layout"
    },
    {
      "createdById": "0057Q000004M3r1QAC",
      "createdByName": "salesforce.com",
      "createdDate": "2022-04-14T23:25:40.000Z",
      "fileName": "layouts/AlternativePaymentMethod-Alternative Payment Method Layout.layout",
      "fullName": "AlternativePaymentMethod-Alternative Payment Method Layout",
      "id": "00h7Q0000061DkoQAE",
      "lastModifiedById": "0057Q000004M3r1QAC",
      "lastModifiedByName": "salesforce.com",
      "lastModifiedDate": "2022-04-14T23:25:40.000Z",
      "manageableState": "unmanaged",
      "type": "Layout"
    },
    {
      "createdById": "0057Q000003RdyqQAC",
      "createdByName": "Diana Lopes",
      "createdDate": "2022-04-14T23:23:51.000Z",
      "fileName": "layouts/Opportunity-Opportunity %28Support%29 Layout.layout",
      "fullName": "Opportunity-Opportunity %28Support%29 Layout",
      "id": "00h7Q000009CumtQAC",
      "lastModifiedById": "0057Q000003RdyqQAC",
      "lastModifiedByName": "Diana Lopes",
      "lastModifiedDate": "2022-04-14T23:23:51.000Z",
      "manageableState": "unmanaged",
      "type": "Layout"
    },
    {
      "createdById": "0057Q000004M3r0QAC",
      "createdByName": "Automated Process",
      "createdDate": "2022-04-14T23:23:51.000Z",
      "fileName": "layouts/TimeSlot-Time Slot Layout.layout",
      "fullName": "TimeSlot-Time Slot Layout",
      "id": "00h7Q000009CunqQAC",
      "lastModifiedById": "0057Q000004M3r0QAC",
      "lastModifiedByName": "Automated Process",
      "lastModifiedDate": "2022-04-14T23:23:51.000Z",
      "manageableState": "unmanaged",
      "type": "Layout"
    },
    {
      "createdById": "0057Q000004M3r1QAC",
      "createdByName": "salesforce.com",
      "createdDate": "2022-04-14T23:23:51.000Z",
      "fileName": "layouts/CreditMemo-Credit Memo Layout.layout",
      "fullName": "CreditMemo-Credit Memo Layout",
      "id": "00h7Q000009CunfQAC",
      "lastModifiedById": "0057Q000004M3r1QAC",
      "lastModifiedByName": "salesforce.com",
      "lastModifiedDate": "2022-04-14T23:23:51.000Z",
      "manageableState": "unmanaged",
      "type": "Layout"
    },
    {
      "createdById": "0057Q000003RdyqQAC",
      "createdByName": "Diana Lopes",
      "createdDate": "2022-04-14T23:23:51.000Z",
      "fileName": "layouts/Opportunity-Opportunity Layout.layout",
      "fullName": "Opportunity-Opportunity Layout",
      "id": "00h7Q000009CumuQAC",
      "lastModifiedById": "0057Q000003RdyqQAC",
      "lastModifiedByName": "Diana Lopes",
      "lastModifiedDate": "2022-04-14T23:23:51.000Z",
      "manageableState": "unmanaged",
      "type": "Layout"
    },
    {
      "createdById": "0057Q000003RdyqQAC",
      "createdByName": "Diana Lopes",
      "createdDate": "2022-04-14T23:26:41.000Z",
      "fileName": "layouts/EntityMilestone-Object Milestone Layout.layout",
      "fullName": "EntityMilestone-Object Milestone Layout",
      "id": "00h7Q0000061DlnQAE",
      "lastModifiedById": "0057Q000003RdyqQAC",
      "lastModifiedByName": "Diana Lopes",
      "lastModifiedDate": "2022-04-14T23:26:41.000Z",
      "manageableState": "unmanaged",
      "type": "Layout"
    },
    {
      "createdById": "0057Q000004M3r1QAC",
      "createdByName": "salesforce.com",
      "createdDate": "2022-04-14T23:23:51.000Z",
      "fileName": "layouts/ConsumptionRate-Consumption Rate Layout.layout",
      "fullName": "ConsumptionRate-Consumption Rate Layout",
      "id": "00h7Q000009CuoTQAS",
      "lastModifiedById": "0057Q000004M3r1QAC",
      "lastModifiedByName": "salesforce.com",
      "lastModifiedDate": "2022-04-14T23:23:51.000Z",
      "manageableState": "unmanaged",
      "type": "Layout"
    },
    {
      "createdById": "0057Q000003RdyqQAC",
      "createdByName": "Diana Lopes",
      "createdDate": "2022-04-14T23:23:51.000Z",
      "fileName": "layouts/Order-Order Layout.layout",
      "fullName": "Order-Order Layout",
      "id": "00h7Q000009Cup9QAC",
      "lastModifiedById": "0057Q000003RdyqQAC",
      "lastModifiedByName": "Diana Lopes",
      "lastModifiedDate": "2022-04-14T23:23:51.000Z",
      "manageableState": "unmanaged",
      "type": "Layout"
    },
    {
      "createdById": "0057Q000003RdyqQAC",
      "createdByName": "Diana Lopes",
      "createdDate": "2022-04-14T23:23:51.000Z",
      "fileName": "layouts/Event-Event Layout.layout",
      "fullName": "Event-Event Layout",
      "id": "00h7Q000009Cup6QAC",
      "lastModifiedById": "0057Q000003RdyqQAC",
      "lastModifiedByName": "Diana Lopes",
      "lastModifiedDate": "2022-04-14T23:26:21.000Z",
      "manageableState": "unmanaged",
      "type": "Layout"
    },
    {
      "createdById": "0057Q000004M3r0QAC",
      "createdByName": "Automated Process",
      "createdDate": "2022-04-14T23:23:51.000Z",
      "fileName": "layouts/QuickText-Quick Text Layout.layout",
      "fullName": "QuickText-Quick Text Layout",
      "id": "00h7Q000009CupUQAS",
      "lastModifiedById": "0057Q000004M3r0QAC",
      "lastModifiedByName": "Automated Process",
      "lastModifiedDate": "2022-04-14T23:23:51.000Z",
      "manageableState": "unmanaged",
      "type": "Layout"
    },
    {
      "createdById": "0057Q000003RdyqQAC",
      "createdByName": "Diana Lopes",
      "createdDate": "2022-04-14T23:23:51.000Z",
      "fileName": "layouts/Case-Case %28Support%29 Layout.layout",
      "fullName": "Case-Case %28Support%29 Layout",
      "id": "00h7Q000009CumpQAC",
      "lastModifiedById": "0057Q000003RdyqQAC",
      "lastModifiedByName": "Diana Lopes",
      "lastModifiedDate": "2022-04-14T23:23:51.000Z",
      "manageableState": "unmanaged",
      "type": "Layout"
    },
    {
      "createdById": "0057Q000004M3r1QAC",
      "createdByName": "salesforce.com",
      "createdDate": "2022-04-14T23:23:51.000Z",
      "fileName": "layouts/ReturnOrderLineItem-Return Order Line Item Layout.layout",
      "fullName": "ReturnOrderLineItem-Return Order Line Item Layout",
      "id": "00h7Q000009CuoIQAS",
      "lastModifiedById": "0057Q000004M3r1QAC",
      "lastModifiedByName": "salesforce.com",
      "lastModifiedDate": "2022-04-14T23:23:51.000Z",
      "manageableState": "unmanaged",
      "type": "Layout"
    },
    {
      "createdById": "0057Q000004M3r1QAC",
      "createdByName": "salesforce.com",
      "createdDate": "2022-04-14T23:25:43.000Z",
      "fileName": "layouts/DataUsePurpose-Data Use Purpose Layout.layout",
      "fullName": "DataUsePurpose-Data Use Purpose Layout",
      "id": "00h7Q0000061DlAQAU",
      "lastModifiedById": "0057Q000003RdyqQAC",
      "lastModifiedByName": "Diana Lopes",
      "lastModifiedDate": "2022-04-14T23:25:44.000Z",
      "manageableState": "unmanaged",
      "type": "Layout"
    },
    {
      "createdById": "0057Q000003RdyqQAC",
      "createdByName": "Diana Lopes",
      "createdDate": "2022-04-14T23:23:51.000Z",
      "fileName": "layouts/Lead-Lead %28Support%29 Layout.layout",
      "fullName": "Lead-Lead %28Support%29 Layout",
      "id": "00h7Q000009Cun5QAC",
      "lastModifiedById": "0057Q000003RdyqQAC",
      "lastModifiedByName": "Diana Lopes",
      "lastModifiedDate": "2022-04-14T23:23:51.000Z",
      "manageableState": "unmanaged",
      "type": "Layout"
    },
    {
      "createdById": "0057Q000004M3r1QAC",
      "createdByName": "salesforce.com",
      "createdDate": "2022-04-14T23:23:51.000Z",
      "fileName": "layouts/WebStore-Store Layout.layout",
      "fullName": "WebStore-Store Layout",
      "id": "00h7Q000009Cuo1QAC",
      "lastModifiedById": "0057Q000004M3r1QAC",
      "lastModifiedByName": "salesforce.com",
      "lastModifiedDate": "2022-04-14T23:23:51.000Z",
      "manageableState": "unmanaged",
      "type": "Layout"
    },
    {
      "createdById": "0057Q000003RdyqQAC",
      "createdByName": "Diana Lopes",
      "createdDate": "2022-04-14T23:23:51.000Z",
      "fileName": "layouts/Product2-Product Layout.layout",
      "fullName": "Product2-Product Layout",
      "id": "00h7Q000009CupBQAS",
      "lastModifiedById": "0057Q000003RdyqQAC",
      "lastModifiedByName": "Diana Lopes",
      "lastModifiedDate": "2022-04-14T23:23:51.000Z",
      "manageableState": "unmanaged",
      "type": "Layout"
    },
    {
      "createdById": "0057Q000004M3r1QAC",
      "createdByName": "salesforce.com",
      "createdDate": "2022-04-14T23:23:51.000Z",
      "fileName": "layouts/ProcessException-Process Exception Layout.layout",
      "fullName": "ProcessException-Process Exception Layout",
      "id": "00h7Q000009CuoPQAS",
      "lastModifiedById": "0057Q000004M3r1QAC",
      "lastModifiedByName": "salesforce.com",
      "lastModifiedDate": "2022-04-14T23:23:51.000Z",
      "manageableState": "unmanaged",
      "type": "Layout"
    },
    {
      "createdById": "0057Q000004M3r1QAC",
      "createdByName": "salesforce.com",
      "createdDate": "2022-04-14T23:25:43.000Z",
      "fileName": "layouts/AuthorizationForm-Authorization Form Layout.layout",
      "fullName": "AuthorizationForm-Authorization Form Layout",
      "id": "00h7Q0000061Dl5QAE",
      "lastModifiedById": "0057Q000003RdyqQAC",
      "lastModifiedByName": "Diana Lopes",
      "lastModifiedDate": "2022-04-14T23:25:44.000Z",
      "manageableState": "unmanaged",
      "type": "Layout"
    },
    {
      "createdById": "0057Q000004M3r1QAC",
      "createdByName": "salesforce.com",
      "createdDate": "2022-04-14T23:23:51.000Z",
      "fileName": "layouts/CartItem-Cart Item Layout.layout",
      "fullName": "CartItem-Cart Item Layout",
      "id": "00h7Q000009Cuo3QAC",
      "lastModifiedById": "0057Q000004M3r1QAC",
      "lastModifiedByName": "salesforce.com",
      "lastModifiedDate": "2022-04-14T23:23:51.000Z",
      "manageableState": "unmanaged",
      "type": "Layout"
    }
  ]
}