{
  "status": 0,
  "result": [
    {
      "createdById": "0057Q000003RdyqQAC",
      "createdByName": "Diana Lopes",
      "createdDate": "2022-04-14T23:23:51.000Z",
      "fileName": "quickActions/FeedItem.NewTaskFromFeedItem.quickAction",
      "fullName": "FeedItem.NewTaskFromFeedItem",
      "id": "09D7Q00000BM96TUAT",
      "lastModifiedById": "0057Q000003RdyqQAC",
      "lastModifiedByName": "Diana Lopes",
      "lastModifiedDate": "2022-04-14T23:23:51.000Z",
      "manageableState": "unmanaged",
      "type": "QuickAction"
    },
    {
      "createdById": "0057Q000003RdyqQAC",
      "createdByName": "Diana Lopes",
      "createdDate": "2022-04-14T23:23:51.000Z",
      "fileName": "quickActions/CollaborationGroup.NewGroupRecord.quickAction",
      "fullName": "CollaborationGroup.NewGroupRecord",
      "id": "09D7Q00000BM96YUAT",
      "lastModifiedById": "0057Q000003RdyqQAC",
      "lastModifiedByName": "Diana Lopes",
      "lastModifiedDate": "2022-04-14T23:23:51.000Z",
      "manageableState": "unmanaged",
      "type": "QuickAction"
    },
    {
      "createdById": "0057Q000003RdyqQAC",
      "createdByName": "Diana Lopes",
      "createdDate": "2022-04-14T23:23:51.000Z",
      "fileName": "quickActions/Case.NewChildCase.quickAction",
      "fullName": "Case.NewChildCase",
      "id": "09D7Q00000BM96VUAT",
      "lastModifiedById": "0057Q000003RdyqQAC",
      "lastModifiedByName": "Diana Lopes",
      "lastModifiedDate": "2022-04-14T23:23:51.000Z",
      "manageableState": "unmanaged",
      "type": "QuickAction"
    },
    {
      "createdById": "0057Q000003RdyqQAC",
      "createdByName": "Diana Lopes",
      "createdDate": "2022-04-14T23:26:20.000Z",
      "fileName": "quickActions/Case.LogACall.quickAction",
      "fullName": "Case.LogACall",
      "id": "09D7Q00000BM9EcUAL",
      "lastModifiedById": "0057Q000003RdyqQAC",
      "lastModifiedByName": "Diana Lopes",
      "lastModifiedDate": "2022-04-14T23:26:20.000Z",
      "manageableState": "unmanaged",
      "type": "QuickAction"
    },
    {
      "createdById": "0057Q000003RdyqQAC",
      "createdByName": "Diana Lopes",
      "createdDate": "2022-04-14T23:23:51.000Z",
      "fileName": "quickActions/NewCase.quickAction",
      "fullName": "NewCase",
      "id": "09D7Q00000BM96PUAT",
      "lastModifiedById": "0057Q000003RdyqQAC",
      "lastModifiedByName": "Diana Lopes",
      "lastModifiedDate": "2022-04-14T23:23:51.000Z",
      "manageableState": "unmanaged",
      "type": "QuickAction"
    },
    {
      "createdById": "0057Q000003RdyqQAC",
      "createdByName": "Diana Lopes",
      "createdDate": "2022-04-14T23:23:51.000Z",
      "fileName": "quickActions/Task.EditDescription.quickAction",
      "fullName": "Task.EditDescription",
      "id": "09D7Q00000BM96JUAT",
      "lastModifiedById": "0057Q000003RdyqQAC",
      "lastModifiedByName": "Diana Lopes",
      "lastModifiedDate": "2022-04-14T23:23:51.000Z",
      "manageableState": "unmanaged",
      "type": "QuickAction"
    },
    {
      "createdById": "0057Q000003RdyqQAC",
      "createdByName": "Diana Lopes",
      "createdDate": "2022-04-14T23:23:51.000Z",
      "fileName": "quickActions/Task.UpdateStatus.quickAction",
      "fullName": "Task.UpdateStatus",
      "id": "09D7Q00000BM96LUAT",
      "lastModifiedById": "0057Q000003RdyqQAC",
      "lastModifiedByName": "Diana Lopes",
      "lastModifiedDate": "2022-04-14T23:23:51.000Z",
      "manageableState": "unmanaged",
      "type": "QuickAction"
    },
    {
      "createdById": "0057Q000003RdyqQAC",
      "createdByName": "Diana Lopes",
      "createdDate": "2022-04-14T23:23:51.000Z",
      "fileName": "quickActions/NewContact.quickAction",
      "fullName": "NewContact",
      "id": "09D7Q00000BM96NUAT",
      "lastModifiedById": "0057Q000003RdyqQAC",
      "lastModifiedByName": "Diana Lopes",
      "lastModifiedDate": "2022-04-14T23:23:51.000Z",
      "manageableState": "unmanaged",
      "type": "QuickAction"
    },
    {
      "createdById": "0057Q000003RdyqQAC",
      "createdByName": "Diana Lopes",
      "createdDate": "2022-04-14T23:23:51.000Z",
      "fileName": "quickActions/NewAccount.quickAction",
      "fullName": "NewAccount",
      "id": "09D7Q00000BM96UUAT",
      "lastModifiedById": "0057Q000003RdyqQAC",
      "lastModifiedByName": "Diana Lopes",
      "lastModifiedDate": "2022-04-14T23:23:51.000Z",
      "manageableState": "unmanaged",
      "type": "QuickAction"
    },
    {
      "createdById": "0057Q000003RdyqQAC",
      "createdByName": "Diana Lopes",
      "createdDate": "2022-04-14T23:23:51.000Z",
      "fileName": "quickActions/NewGroup.quickAction",
      "fullName": "NewGroup",
      "id": "09D7Q00000BM96WUAT",
      "lastModifiedById": "0057Q000003RdyqQAC",
      "lastModifiedByName": "Diana Lopes",
      "lastModifiedDate": "2022-04-14T23:23:51.000Z",
      "manageableState": "unmanaged",
      "type": "QuickAction"
    },
    {
      "createdById": "0057Q000003RdyqQAC",
      "createdByName": "Diana Lopes",
      "createdDate": "2022-04-14T23:23:51.000Z",
      "fileName": "quickActions/NewEvent.quickAction",
      "fullName": "NewEvent",
      "id": "09D7Q00000BM96IUAT",
      "lastModifiedById": "0057Q000003RdyqQAC",
      "lastModifiedByName": "Diana Lopes",
      "lastModifiedDate": "2022-04-14T23:23:51.000Z",
      "manageableState": "unmanaged",
      "type": "QuickAction"
    },
    {
      "createdById": "0057Q000003RdyqQAC",
      "createdByName": "Diana Lopes",
      "createdDate": "2022-05-23T13:37:37.000Z",
      "fileName": "quickActions/DL_Material__c.DL_MaterialRelationship.quickAction",
      "fullName": "DL_Material__c.DL_MaterialRelationship",
      "id": "09D7Q00000DM76AUAT",
      "lastModifiedById": "0057Q000003RdyqQAC",
      "lastModifiedByName": "Diana Lopes",
      "lastModifiedDate": "2022-05-23T13:37:37.000Z",
      "manageableState": "unmanaged",
      "type": "QuickAction"
    },
    {
      "createdById": "0057Q000003RdyqQAC",
      "createdByName": "Diana Lopes",
      "createdDate": "2022-04-14T23:23:51.000Z",
      "fileName": "quickActions/NewNote.quickAction",
      "fullName": "NewNote",
      "id": "09D7Q00000BM96SUAT",
      "lastModifiedById": "0057Q000003RdyqQAC",
      "lastModifiedByName": "Diana Lopes",
      "lastModifiedDate": "2022-04-14T23:23:51.000Z",
      "manageableState": "unmanaged",
      "type": "QuickAction"
    },
    {
      "createdById": "0057Q000003RdyqQAC",
      "createdByName": "Diana Lopes",
      "createdDate": "2022-04-14T23:23:51.000Z",
      "fileName": "quickActions/LogACall.quickAction",
      "fullName": "LogACall",
      "id": "09D7Q00000BM96HUAT",
      "lastModifiedById": "0057Q000003RdyqQAC",
      "lastModifiedByName": "Diana Lopes",
      "lastModifiedDate": "2022-04-14T23:23:51.000Z",
      "manageableState": "unmanaged",
      "type": "QuickAction"
    },
    {
      "createdById": "0057Q000003RdyqQAC",
      "createdByName": "Diana Lopes",
      "createdDate": "2022-04-14T23:23:51.000Z",
      "fileName": "quickActions/NewLead.quickAction",
      "fullName": "NewLead",
      "id": "09D7Q00000BM96QUAT",
      "lastModifiedById": "0057Q000003RdyqQAC",
      "lastModifiedByName": "Diana Lopes",
      "lastModifiedDate": "2022-04-14T23:23:51.000Z",
      "manageableState": "unmanaged",
      "type": "QuickAction"
    },
    {
      "createdById": "0057Q000003RdyqQAC",
      "createdByName": "Diana Lopes",
      "createdDate": "2022-04-14T23:23:51.000Z",
      "fileName": "quickActions/Task.Defer.quickAction",
      "fullName": "Task.Defer",
      "id": "09D7Q00000BM96KUAT",
      "lastModifiedById": "0057Q000003RdyqQAC",
      "lastModifiedByName": "Diana Lopes",
      "lastModifiedDate": "2022-04-14T23:23:51.000Z",
      "manageableState": "unmanaged",
      "type": "QuickAction"
    },
    {
      "createdById": "0057Q000003RdyqQAC",
      "createdByName": "Diana Lopes",
      "createdDate": "2022-04-14T23:23:51.000Z",
      "fileName": "quickActions/NewOpportunity.quickAction",
      "fullName": "NewOpportunity",
      "id": "09D7Q00000BM96OUAT",
      "lastModifiedById": "0057Q000003RdyqQAC",
      "lastModifiedByName": "Diana Lopes",
      "lastModifiedDate": "2022-04-14T23:23:51.000Z",
      "manageableState": "unmanaged",
      "type": "QuickAction"
    },
    {
      "createdById": "0057Q000003RdyqQAC",
      "createdByName": "Diana Lopes",
      "createdDate": "2022-04-14T23:23:51.000Z",
      "fileName": "quickActions/CollaborationGroup.NewGroupMember.quickAction",
      "fullName": "CollaborationGroup.NewGroupMember",
      "id": "09D7Q00000BM96XUAT",
      "lastModifiedById": "0057Q000003RdyqQAC",
      "lastModifiedByName": "Diana Lopes",
      "lastModifiedDate": "2022-04-14T23:23:51.000Z",
      "manageableState": "unmanaged",
      "type": "QuickAction"
    },
    {
      "createdById": "0057Q000004M3r0QAC",
      "createdByName": "Automated Process",
      "createdDate": "2022-04-14T23:23:51.000Z",
      "fileName": "quickActions/SendEmail.quickAction",
      "fullName": "SendEmail",
      "id": "09D7Q00000BM96RUAT",
      "lastModifiedById": "0057Q000004M3r0QAC",
      "lastModifiedByName": "Automated Process",
      "lastModifiedDate": "2022-04-14T23:23:51.000Z",
      "manageableState": "unmanaged",
      "type": "QuickAction"
    },
    {
      "createdById": "0057Q000003RdyqQAC",
      "createdByName": "Diana Lopes",
      "createdDate": "2022-04-14T23:23:51.000Z",
      "fileName": "quickActions/NewTask.quickAction",
      "fullName": "NewTask",
      "id": "09D7Q00000BM96GUAT",
      "lastModifiedById": "0057Q000003RdyqQAC",
      "lastModifiedByName": "Diana Lopes",
      "lastModifiedDate": "2022-04-14T23:23:51.000Z",
      "manageableState": "unmanaged",
      "type": "QuickAction"
    },
    {
      "createdById": "0057Q000003RdyqQAC",
      "createdByName": "Diana Lopes",
      "createdDate": "2022-04-14T23:23:51.000Z",
      "fileName": "quickActions/Task.UpdatePriority.quickAction",
      "fullName": "Task.UpdatePriority",
      "id": "09D7Q00000BM96MUAT",
      "lastModifiedById": "0057Q000003RdyqQAC",
      "lastModifiedByName": "Diana Lopes",
      "lastModifiedDate": "2022-04-14T23:23:51.000Z",
      "manageableState": "unmanaged",
      "type": "QuickAction"
    }
  ]
}