[{"_allAttributes":null,"_properties":null,"_methods":null,"file":"c:/Users/diana.lopes/OneDrive - Accenture/Desktop/Natixis/force-app/main/default/lwc/dL_tableLWC/dL_tableLWC.js","metadata":{"decorators":[{"type":"wire","targets":[{"name":"wiredAccounts","adapter":{"name":"getOpps","reference":"@salesforce/apex/dataTable.getOpps"},"type":"method","static":{},"params":{"sortDirection":"sortedDirection"}}]},{"type":"track","targets":[{"name":"value","type":"property"},{"name":"error","type":"property"},{"name":"data","type":"property"},{"name":"allSelectedRows","type":"property"},{"name":"page","type":"property"},{"name":"items","type":"property"},{"name":"data","type":"property"},{"name":"columns","type":"property"},{"name":"startingRecord","type":"property"},{"name":"endingRecord","type":"property"},{"name":"pageSize","type":"property"},{"name":"totalRecountCount","type":"property"},{"name":"totalPage","type":"property"},{"name":"sortedDirection","type":"property"}]}],"declarationLoc":{"start":{"line":19,"column":0},"end":{"line":143,"column":1}},"classMembers":[{"type":"property","name":"value","loc":{"start":{"line":20,"column":4},"end":{"line":20,"column":17}},"decorator":"track"},{"type":"property","name":"error","loc":{"start":{"line":21,"column":4},"end":{"line":21,"column":17}},"decorator":"track"},{"type":"property","name":"data","loc":{"start":{"line":22,"column":4},"end":{"line":22,"column":16}},"decorator":"track"},{"type":"property","name":"result","loc":{"start":{"line":23,"column":4},"end":{"line":23,"column":11}}},{"type":"property","name":"allSelectedRows","loc":{"start":{"line":24,"column":4},"end":{"line":24,"column":32}},"decorator":"track"},{"type":"property","name":"page","loc":{"start":{"line":25,"column":4},"end":{"line":25,"column":20}},"decorator":"track"},{"type":"property","name":"items","loc":{"start":{"line":26,"column":4},"end":{"line":26,"column":22}},"decorator":"track"},{"type":"property","name":"columns","loc":{"start":{"line":28,"column":4},"end":{"line":28,"column":19}},"decorator":"track"},{"type":"property","name":"startingRecord","loc":{"start":{"line":29,"column":4},"end":{"line":29,"column":30}},"decorator":"track"},{"type":"property","name":"endingRecord","loc":{"start":{"line":30,"column":4},"end":{"line":30,"column":28}},"decorator":"track"},{"type":"property","name":"pageSize","loc":{"start":{"line":31,"column":4},"end":{"line":31,"column":24}},"decorator":"track"},{"type":"property","name":"totalRecountCount","loc":{"start":{"line":32,"column":4},"end":{"line":32,"column":33}},"decorator":"track"},{"type":"property","name":"totalPage","loc":{"start":{"line":33,"column":4},"end":{"line":33,"column":25}},"decorator":"track"},{"type":"property","name":"sortedDirection","loc":{"start":{"line":34,"column":4},"end":{"line":34,"column":35}},"decorator":"track"},{"type":"property","name":"isPageChanged","loc":{"start":{"line":35,"column":4},"end":{"line":35,"column":26}}},{"type":"property","name":"initialLoad","loc":{"start":{"line":36,"column":4},"end":{"line":36,"column":23}}},{"type":"property","name":"mapoppNameVsOpp","loc":{"start":{"line":37,"column":4},"end":{"line":37,"column":32}}},{"type":"method","name":"wiredAccounts","loc":{"start":{"line":39,"column":4},"end":{"line":48,"column":5}},"decorator":"wire"},{"type":"method","name":"processRecords","loc":{"start":{"line":50,"column":4},"end":{"line":58,"column":5}}},{"type":"method","name":"previousHandler","loc":{"start":{"line":60,"column":4},"end":{"line":73,"column":5}}},{"type":"method","name":"nextHandler","loc":{"start":{"line":76,"column":4},"end":{"line":89,"column":5}}},{"type":"method","name":"displayRecordPerPage","loc":{"start":{"line":91,"column":4},"end":{"line":101,"column":5}}},{"type":"method","name":"onRowSelection","loc":{"start":{"line":103,"column":4},"end":{"line":112,"column":5}}},{"type":"method","name":"processSelectedRows","loc":{"start":{"line":113,"column":4},"end":{"line":130,"column":5}}},{"type":"method","name":"handleKeyChange","loc":{"start":{"line":132,"column":4},"end":{"line":141,"column":5}}}],"exports":[{"type":"ExportDefaultDeclaration"}]},"updatedAt":"2022-05-23T14:53:54.082Z"}]